{"_runtime":1030.568953142,"_step":37499,"_wandb":{"runtime":1032},"train_loss":2.7067489624023438,"train_mape":0.0728359967470169,"train_rmse":5.462423324584961,"_timestamp":1.7472245906555214e+09}